Items,Nick,Tommy,Trevor,Total
Pasta,29.95,0.0,0.0,
Chicken,0.0,32.0,0.0,
Salmon,0.0,0.0,42.0,
Pitchers,28.333333333333332,28.333333333333332,28.333333333333332,
Subtotal,58.28333333333333,60.33333333333333,70.33333333333333,188.95
Adj Tax,8.754067213548556,9.061974067213546,10.563958719237892,28.379999999999992
Adj Tip,19.741377789538674,20.435741377789537,23.82288083267178,63.99999999999999
Total,86.77877833642056,89.83104877833641,104.72017288524299,281.33
