Items,Trevor,Arthur,Tommy,Total
Steak,45.0,32.0,0.0,
Crab,0.0,0.0,55.0,
Fries,4.0,4.0,4.0,
Subtotal,49.0,36.0,59.0,144.0
Adj Tax,4.386180555555556,3.2225,5.281319444444445,12.89
Adj Tip,14.972222222222223,11.0,18.02777777777778,44.0
Total,68.35840277777778,50.2225,82.30909722222222,200.89
